{
  "age": -0.02043978324595708,
  "discount_applied_bin": -0.5448518636725952,
  "promo_code_used_bin": -0.5448518636725967,
  "review_rating": 0.8616624158892343,
  "previous_purchases": -0.00013837754904433286,
  "subscription_status_bin": 1.157326997650777
}