Sales_Log,Profit_YJ,Discount,Quantity,ShippingCost_Log,Category_Technology,Market_EU
5.4869,30.87106,0.09776,4.87594,3.21382,0.0,0.2458
5.91753,37.37136,0.11715,3.35313,3.48956,1.0,0.20918
5.36203,28.47662,0.11763,3.62615,3.01694,1.0,0.19299
3.2679,-20.99112,0.55085,2.84044,1.28109,0.05254,0.12625
3.50086,9.67587,0.03829,2.52566,1.38906,0.00639,0.17842
