Feature,Correlation_with_Profit_YJ
Profit_YJ,1.0
Sales_Log,0.419757352257672
ShippingCost_Log,0.39778775739418076
Quantity,0.16430419950950498
Order Month,0.004860132139034066
Order Day,0.002934302122604552
Order Year,0.002117282275252197
Discount,-0.5876315440629417
