{
  "Sales_Log": 4.323330751515112,
  "ShippingCost_Log": 4.457774157758003,
  "Quantity": 0.854849493903937,
  "Category_Technology": 3.9708580891735394,
  "Sub-Category_Copiers": 4.565856760672779,
  "Discount": -95.6242898756402
}