{
  "0": {
    "precision": 0.8812607944732297,
    "recall": 0.7725208175624527,
    "f1-score": 0.8233158531665994,
    "support": 2642.0
  },
  "1": {
    "precision": 0.924326366154621,
    "recall": 0.963891806722689,
    "f1-score": 0.9436945622830698,
    "support": 7616.0
  },
  "accuracy": 0.9146032364983427,
  "macro avg": {
    "precision": 0.9027935803139253,
    "recall": 0.8682063121425709,
    "f1-score": 0.8835052077248347,
    "support": 10258.0
  },
  "weighted avg": {
    "precision": 0.9132346094396439,
    "recall": 0.9146032364983427,
    "f1-score": 0.912690414351142,
    "support": 10258.0
  }
}