{
  "binary_acc": 0.5115384615384615,
  "binary_precision": 0.24479166666666666,
  "binary_recall": 0.5081081081081081,
  "binary_f1": 0.3304042179261863
}