{
  "cv_f1_weighted_mean": 0.2431447472553844,
  "cv_acc_mean": 0.24455128205128202
}