label,precision,recall,f1-score,support
High,0.22285714285714286,0.19696969696969696,0.20911528150134048,198.0
Low,0.22932330827067668,0.30049261083743845,0.2601279317697228,203.0
Mid,0.2535211267605634,0.27835051546391754,0.26535626535626533,194.0
Top,0.20634920634920634,0.14054054054054055,0.16720257234726688,185.0
accuracy,0.23076923076923078,0.23076923076923078,0.23076923076923078,0.23076923076923078
macro avg,0.22801269605939734,0.22908834095289837,0.22545051274364888,780.0
weighted avg,0.22825134311642836,0.23076923076923078,0.2264389580126654,780.0
