model,val_f1_weighted,val_acc
rf,0.24808534743961702,0.25
knn,0.23716525741497949,0.23717948717948717
nb,0.23407509337052354,0.23397435897435898
logreg,0.2274054458062077,0.22756410256410256
dt,0.19563857862389716,0.26282051282051283
