{
  "test_acc": 0.23076923076923078,
  "test_precision_w": 0.22825134311642836,
  "test_recall_w": 0.23076923076923078,
  "test_f1_weighted": 0.2264389580126654,
  "test_f1_macro": 0.22545051274364888
}