{
  "k_values": [
    2,
    3,
    4,
    5,
    6,
    7,
    8,
    9,
    10
  ],
  "inertia": [
    35931.59063089584,
    34242.69655118529,
    32940.38292553556,
    31876.495381330016,
    31097.825479233063,
    30313.553925934353,
    29718.258484011192,
    29192.521847244792,
    28757.87060964811
  ],
  "silhouette": [
    0.12334786010675179,
    0.08459406213028668,
    0.0766449822874349,
    0.07034390782645489,
    0.06705092242484413,
    0.0681083408729661,
    0.06772725218132286,
    0.06273402540199781,
    0.06102069112826204
  ]
}