{
  "test_rmse": 24.058734655778956,
  "test_mae": 20.94921153846154,
  "test_r2": -0.03438339449578054,
  "test_mape_pct": 48.62973038953273
}