{
  "cv_rmse_mean": 24.09503337454631,
  "cv_r2_mean": -0.03660700092619007
}