model,val_rmse,val_mae,val_r2
linear,24.33161230782155,20.761712523461195,-0.05492861435720342
ridge,24.31120278744977,20.748194741901514,-0.05315959414000804
rfreg,23.955128745200234,20.639571314102565,-0.022535312998335
