model,val_f1_weighted,val_acc
logreg,0.2274054458062077,0.22756410256410256
rf,0.273832859081893,0.27403846153846156
