{
  "cv_f1_weighted_mean": 0.25674245663946865,
  "cv_acc_mean": 0.2586538461538461
}