{
  "test_acc": 0.22692307692307692,
  "test_f1_weighted": 0.2234109259969
}