cluster,age,review_rating,previous_purchases
0,44.14490161001789,3.739654144305307,25.74299344066786
1,44.010796221322536,3.7577147998200626,25.056230319388213
