index,customer_id,age,purchase_amount_usd,review_rating,previous_purchases
count,3900.0,3900.0,3900.0,3900.0,3900.0
mean,1950.5,44.06846153846154,59.76435897435898,3.7499487179487176,25.35153846153846
std,1125.9773532358456,15.207589127162382,23.685392250875307,0.7162228139312417,14.447125170462309
min,1.0,18.0,20.0,2.5,1.0
25%,975.75,31.0,39.0,3.1,13.0
50%,1950.5,44.0,60.0,3.7,25.0
75%,2925.25,57.0,81.0,4.4,38.0
max,3900.0,70.0,100.0,5.0,50.0
