{
  "test_rmse": 23.99286245227622,
  "test_mae": 20.91745512820513,
  "test_r2": -0.028726917910965044
}