{
  "cv_rmse_mean": 24.08466971761758,
  "cv_r2_mean": -0.03574505044384772
}