model,val_mae,val_rmse,val_r2
linreg,20.783605294797873,24.323717049454658,-0.054244107095295035
rfreg,20.767191506410256,24.043539620154633,-0.030096956075104764
